Timestamp,Source IP,Port,Service,Event Type,Details
2026-02-11T00:10:39.193770,8.8.8.8,22,ssh,login attempt,Test attack from USA
2026-02-11T00:10:39.193815,1.1.1.1,22,ssh,login attempt,Test attack from Australia
2026-02-11T00:10:39.193826,185.220.101.1,21,telnet,login attempt,Test attack from Germany
2026-02-11T00:10:39.193837,45.142.212.61,22,ssh,login attempt,Test attack from Russia
2026-02-11T00:10:39.193841,103.224.182.245,21,ftp,login attempt,Test attack from Singapore
2026-02-11T00:10:39.193846,200.55.82.10,21,http,login attempt,Test attack from Brazil
2026-02-11T00:10:39.193849,41.60.232.145,22,ssh,login attempt,Test attack from South Africa
2026-02-11T21:11:26.723606,8.8.8.8,22,ssh,login attempt,Test attack from USA
2026-02-11T21:11:26.723650,1.1.1.1,22,ssh,login attempt,Test attack from Australia
2026-02-11T21:11:26.723661,185.220.101.1,21,telnet,login attempt,Test attack from Germany
2026-02-11T21:11:26.723667,45.142.212.61,22,ssh,login attempt,Test attack from Russia
2026-02-11T21:11:26.723671,103.224.182.245,21,ftp,login attempt,Test attack from Singapore
2026-02-11T21:11:26.723675,200.55.82.10,21,http,login attempt,Test attack from Brazil
2026-02-11T21:11:26.723678,41.60.232.145,22,ssh,login attempt,Test attack from South Africa
